"Tweet";"clasificacion"
" CONFIAR IMPOSIBLE CLIENTE SERVICIO PESADILLA";"4"
" RETRASADOS SERVICIO PENA CAMBIADO";"4"
" FECHA MIN QUISE HACERLO WEB CAMBIAR POSTVENTA SERVICIO BLOQUEO POSIB CNDO PODIA";"4"
" SERVICIO EXCELENTE GRACIAS";"4"
" CONVERSACION MINUTOS TELEFONICA CORTAN RESPUESTA LEJOS DESPUES";"4"
" ANIMALES RESPUESTAS DAN AHI SERVICIO VIAJEN PIERDEN";"4"
" HIJOS JAULA PUTA ÑA CLIENTE DUE SERVICIO PASO EMBALADA GATO ROTA ENTREGAN";"4"
" MINIMO SERVICIO TARIFA";"4"
" ANIMALES RESPUESTAS DAN AHI SERVICIO VIAJEN PIERDEN";"4"
" ANIMALES RESPUESTAS DAN AHI SERVICIO VIAJEN PIERDEN";"4"
" CONFIAR IMPOSIBLE CLIENTE SERVICIO PESADILLA";"4"
" MEJOR COMPROBADO SERVICIO LEJOS";"4"
" CONFIAR IMPOSIBLE CLIENTE SERVICIO PESADILLA";"4"
" CONFIAR IMPOSIBLE CLIENTE SERVICIO PESADILLA";"4"
" CONFIAR IMPOSIBLE CLIENTE SERVICIO PESADILLA";"4"
" LAN EMPRESA MOSTRADO FUSION PEOR SERVICIO";"4"
" MUERO EXCELENTE PENSABA SERVICIO";"4"
" ESTAN NOCHE PESIMO APLAZANDO TECNICOS SERVICIO";"4"
" CAGADA AUTOMATICOS BUENISMO RAZON ARREGLAR TWEETS SERVICIO VERGUENZA TRATANDO";"4"
" PESIMO CONCURRENCIA LUGARES CLIENTE SERVICIO EVENT PERVERSA AEROLINEA";"4"
" REVISIONES TECNICAS COMUNES AHORA ADICIONALES TERRIBLE";"5"
" MALTRATAN CLIENTES PESIMO NADIE SERVICIO SANCIONA AEROLINEA";"4"
" CAGADA AUTOMATICOS BUENISMO RAZON ARREGLAR TWEETS SERVICIO VERGUENZA TRATANDO";"4"
" PESIMO VEZ VIAJANDO ATRAPADO SERVICIO MILLAS";"4"
" DECIR TELEFONICO VEZ MALISIMO SERVICIO OFICINAS";"4"
" CAGADA AUTOMATICOS BUENISMO RAZON ARREGLAR TWEETS SERVICIO VERGUENZA TRATANDO";"4"
" CAGADA AUTOMATICOS BUENISMO RAZON ARREGLAR TWEETS SERVICIO VERGUENZA TRATANDO";"4"
" DEBE PASANDO BAJADO LAMENTO SERVICIO CALIDAD HORRIBLE";"4"
" PESIMO LAN CHILE SERVICIO DIFERENCIA BAJADA";"4"
" PRECIOS TV AVION TUC APOYA ROTO PERSONAL BSAS SUCIO SERVICIO COMIDA CABEZA ORDINARIO";"4"
" DAN CABOTAJE NIVELAN EMPRESAS SERVICIO COMIDA ACEPTABLE";"4"
" DEBE PASANDO SERVICI BAJADO LAMENTO CALIDAD HORRIBLE";"4"
" SERVICIO PESIMO";"4"
" CONFIAR IMPOSIBLE CLIENTE SERVICIO PESADILLA";"4"
" CONFIAR IMPOSIBLE CLIENTE SERVICIO PESADILLA";"4"
" CONFIAR IMPOSIBLE CLIENTE SERVICIO PESADILLA";"4"
" CLIENTES LUGAR PESIMO CUIDEN AYUDAR PABLO UIO SERVICIO SALAZAR TRATO";"4"
" PESIMO CENTRAL COMPRAR RESERVAS SERVICIO TKT";"4"
" MALTRATAN CLIENTES PESIMO NADIE SERVICIO SANCIONA AEROLINEA";"4"
" CONFIAR IMPOSIBLE CLIENTE SERVICIO PESADILLA";"4"
" MALTRATAN CLIENTES PESIMO NADIE SERVICIO SANCIONA AEROLINEA";"4"
" HAN FORTALEZA ANTIGUAMENTE BAJADO SERVICIO CALIDAD";"4"
" MANDE VAN RATO HACERSE DM RESPONSABLE SERVICIO PESCAR VODIGO PAUPERRIMO";"4"
" CONFIAR IMPOSIBLE CLIENTE SERVICIO PESADILLA";"4"
" CAGADA AUTOMATICOS BUENISMO ARREGLAR TWEETS SERVICIO VERGUENZA TRATANDO";"4"
" SIEMPRE ODIADO MIERDA SERVICIO BASURA AHORA AEROLINEA ODIO";"4"
" CASO AFECTADO NUMERO PRESTARTE EXCELENTE IMPORTANTE POSEES AYUDARTE PASAJERO HOLA SERVICIO";"4"
" CASO AFECTADO NUMERO PRESTARTE EXCELENTE IMPORTANTE POSEES AYUDARTE PASAJERO HOLA SERVICIO";"4"
" CUARTA ÑIA CLIENTE SERVICIO INEPTA";"4"
" DELICADA ABORDO DECIR FORMA DAN IMPRESENTABLES SERVICIO";"4"
" CANCELADOS DESASTRE INFORMACION PASADO FALTA SERVICIO POBRE";"4"
" CUANTA IRRESPONSABILIDAD";"5"
" SERVICIO HORRIBLE";"4"
" NIVEL ASIENTO BENEFICIO SERVICIO TARIFA ENTREGAN";"4"
" CUANTA IRRESPONSABILIDAD";"5"
" CUANTA IRRESPONSABILIDAD";"5"
" CUANTA IRRESPONSABILIDAD";"5"
" MEJORO PESIMO RECOMIENDO REALMENTE FUSION SERVICIO MEXICO";"4"
" DEBE SERVICIO MASCOTA APARECER TERRIBLE EXTRAVIARON";"4"
" DEBE SERVICIO MASCOTA APARECER TERRIBLE EXTRAVIARON";"4"
" DEBE SERVICIO MASCOTA APARECER TERRIBLE EXTRAVIARON";"4"
" ESTAN NOCHE PESIMO APLAZANDO TECNICOS SERVICIO";"4"
" INTERES ENTREGARTE EXCELENTE PREOCUPA NUESTRO HOLA SERVICIO ANTERIOR PRINCIPAL";"4"
" DEBE SERVICIO MASCOTA APARECER TERRIBLE EXTRAVIARON";"4"
" DEBE SERVICIO MASCOTA APARECER TERRIBLE EXTRAVIARON";"4"
" SANTIAGO SOLICITADO CANCELADO GRACIAS SIDO SABIA TAXI AVISAN SERVICIO USTEDES HABIA";"4"
" HORAS ESPERANDO CENTER PESIMO CALL DM CLIENTE LLEVO RESPUESTA ERRORES SERVICIO COMETEN";"4"
" ESTAN VOUCHER RESP PESIMO TRAVEL RETRASANDO DIAS SERVICIO USANDO PASAJES COMPRA";"4"
" SERVICIO POSITIVOS";"4"
" VITAL COMENTAS EXCELENTE NOSOTROS PRESTARLES PREOCUPA HOLA SERVICIO IMPORTANCIA";"4"
" DETRAS IMPRESIONANTE EMPATIA CERO EMPRESA POCA VOCACION SERVICIO";"4"
" SERVICIO MALO AEROLINEA TERRIBLE";"4"
" COSTO PESIMO BARATOS EMPRESA SERVICIO CONVIRTIO PASAJES";"4"
" COSTO PESIMO BARATOS EMPRESA SERVICIO CONVIRTIO PASAJES";"4"
" COSTO PESIMO BARATOS EMPRESA SERVICIO CONVIRTIO PASAJES";"4"
" PESIMO CONCURRENCIA LUGARES CLIENTE SERVICIO EVENT PERVERSA AEROLINEA";"4"
" DEFINITIVAMENTE SEGURIDAD BUEN VIAJAR SERVICIO PUNTUALIDAD";"4"
" PESIMO TURISTICOS CONCURRENCIA LUGARES CLIENTE SERVICIO EVENTOS PERVERSA AEROLINEA";"4"
" ESTAN VOUCHER RESP PESIMO TRAVEL RETRASANDO DIAS SERVICIO USANDO PASAJES COMPRA";"4"
" CANJEADO KM RESPONDE CANJEE POST LAN SERVICIO PRODUCTO RECLAMO HORRIBLE";"4"
" DEVOLUCION DESASTRE NADIE RESPONDE PIDO SERVICIO CAMBIAN";"4"
" SIQUIERA PLATAFORMAS PESIMO EXISTE FUNCIONAN SERVICIO CALIDAD";"4"
" ESMERAMOS GUSTO ALEGRA EXCELENTE ESTES VERONICA HOLA RECIBISTE SERVICIO DIA";"4"
" <U+21E9> PEDISTE ACA EMPRESA HOLA SERVICIO COBRO RECLAMA";"4"
" DEFINITIVAMENTE SEGURIDAD BUEN VIAJAR SERVICIO PUNTUALIDAD";"4"
" ESTAN VOUCHER PESIMO TRAVEL RETRASANDO DIAS RESPUESTA SERVICIO USANDO PASAJES COMPRA";"4"
" DICIENDO CANCELADO COMUNICARSE RECIBI SIDO IMPOSIBLE CLIENTE CORREO SERVICIO";"4"
" CARGO REALIZAS SALUDOS GENERA PASAJERO SERVICIO PROCESO COMPRA";"4"
" CARISIMO MIERDA ADIVINEN BARATO USTDS SERVICIO LOWCOST";"4"
" WN RECUPERA PERDIDO SERVICIO PENE";"4"
" <U+00BB> <U+00BD> CARISIMO MIERDA <U+008B> <U+00A0> ADIVINEN BARATO USTDS <U+00B9> <U+00BF> PASAR <U+00BC> SERVICIO <ED> LOWCOST";"4"
" MALETA INTERIOR CASO ENVIADO LAMEMTABLE LLEGO AGENTES SERVICIO CASA DETALLE FALTAN";"4"
" AZAFATA RETROCEDEN PUESTO MOVIO CLIENTE DIA SERVICIO DEDO";"4"
" DURANTE PESIMO SERVICIO COMBUSTIBLE ESPERA ABASTECIMIENTO";"4"
" CARAMELO HORAS VIAJE DAN";"4"
" DOY PESIMO RESPUESTA SERVICIO VIAJES";"4"
" AEROPUERTO SERVICIO VERGUENZA";"4"
" BORDO PROVISIONES CUENTAN SERVICIO COMIDA";"4"
" DEPRIMENTE CIAS LOW ESPECIAL COMPETENCIA QUIEREN VERGONZOSOS SERVICIO COST";"4"
" FUTUROS EVITAR VIAJEROS DEPLORABLE HARE SERVICIO POSIBLE PAGUEN";"4"
" SERVICIO VERGUENZA AEROPUERTO";"4"
" CUELGAN LLAMADAS CALLCENTER ATIENDEN DESMEJORADO SERVICIO";"4"
" NISIQUIERA DEVOLUCION ENTREGA CANTIDAD VISTO DIAS EXCESIVO SERVICIO";"4"
" LLAMADAS FRECUENTE SERVICIO OPERADORES NOTADO COLGAR";"4"
" ESPERE DM LLAMADO RESPUESTA";"5"
" NISIQUIERA DEVOLUCION ENTREGA CANTIDAD VISTO DIAS EXCESIVO SERVICIO";"4"
" CUELGAN LLAMADAS CALLCENTER ATIENDEN DESMEJORADO SERVICIO";"4"
" LOS ESTUPIDOS PIDEN DATOS RESPONDER WIFI";"5"
" PASAJEROS REALMENTE FRECUENTES DAN ÑIA COMO VERGONZOSO TRATO CAE";"4"
" ROMPIERON PUSIERON ABRIERON CANDADO NUEVO VIERON";"3"
" DESPACHADO CUANTAS CUANTAS EQUIPAJE FUE ABRE ACUERDO AEROPUERTO";"3"
" DICIENDO AVION HORAS RECLAMOS HAB TENDRIAMOS MAIL ATERRIZO DESPUES";"4"
" QUEDO LUGAR DESTROZARON RECLAMOS VUELO ASI MI DICEN GUITARRA";"3"
" GRACIAS INQUIETUDES EXCELENTE RESPUESTA SERVICIO INCONVENIENTES";"4"
" RESPONDIDA YA ESPERO DATO SOLICITADO SEA";"5"
" PAGINA COMPRANDO PERMITE BOTON FIRMANDO BOLETO ESTOY DANDOLE PAGO CONTINUAR AVANZAR HOLA";"5"
" DECIR BUROCRACIA PATETICOS PARA RESPONDER CON NECESITAN WIFI";"5"
" PERMITE DEVOLUCION SALUDOS SOLICITAR INVOLUNTARIO CAMBIO";"2"
" ANIMO CRISTIAN CONSIGAS DUDO";"5"
" BORDO PABLO SAN WI";"5"
" SOLA PERMITE PASAJEROS WEB TARJETA DESCARGAR";"5"
" INEFICIENCIA GESTION SOLUCIONAR QUE ERRORES MALA PROPIOS";"4"
" MALETA PERDIERON LMA-CANCUN";"3"
" CONEXIONES SUPERVISORA REGRESO AYUDAR AEROPUERTO INSULTO ESTAMOS ESTADIA";"4"
" SERVICIO PEOR ALCLIENTE";"4"
" MALETA RECIBI MIA LLEGO CONTENIDO";"3"
" ES UNA CLASICO LOCURA RT ESPERAR ABURRIERON";"4"
" EMPRESA SUGIEREORONTOS CERRAR TERRIBLE ATENCION";"4"
" ES UNA CLASICO LOCURA ESPERAR ABURRIERON";"4"
" RATEROS MIS UDS PASAJES AEROLINEA";"2"
" AIRLINES DIRECTOR COLOMBIA NOMBRA EJECUTIVO NUEVO LATAM";"5"
" PLEASE CALL DECIR ALGUIEN ATIENDAN CENTER";"1"
" MATIL MAIL";"5"
" CAMBIAN SELECCIONE ASIENTO CHEQUEO";"5"
" INES EL SILVA YMVIF RESERVA LA2429 MATILDE CODIGO MARIA";"5"
" TRANSPORTAR ESCRITORIO CPU PC DESPACHADO EQUIPAJE MANO GABINETE";"3"
" VOSOTROS SEGUN HABLAR";"5"
" REQUESTED RESOLVED MISSING FLIGHTS STILL STILL HALF CLOSE DON MY NOT THE PLEASE TICKET";"5"
" INGRESAR LATAMPASS";"5"
" MIA-SCL QUEDO LUGAR DESTROZARON RECLAMOS VUELO ASI DICEN RT GUITARRA";"3"
" PIDEN DATOS RESPONDER LOS ESTUPIDOS WIFI";"5"
" PASAJEROS REALMENTE FRECUENTES DAN ÑIA COMO VERGONZOSO TRATO CAE";"4"
" DESPACHADO CUANTAS CUANTAS EQUIPAJE FUE ABRE ACUERDO AEROPUERTO";"3"
" DICIENDO AVION HORAS HABLE RECLAMOS TENDRIAMOS MAIL ATERRIZO DESPUES";"4"
" QUEDO LUGAR DESTROZARON RECLAMOS VUELO ASI MI DICEN GUITARRA";"3"
" GRACIAS INQUIETUDES EXCELENTE RESPUESTA SERVICIO INCONVENIENTES";"4"
" DECIR BUROCRACIA PATETICOS PARA RESPONDER CON NECESITAN WIFI";"5"
" PERMITE DEVOLUCION SALUDOS SOLICITAR INVOLUNTARIO CAMBIO";"2"
" NADIE RESPONDE RESPUESTAS LATAM AIRLINES VERGUENZA UNO CONTESTA LEJOS ERAL ENTREGAN";"5"
" COBRAN SUBIR EXCESO MERCADO AIRLINES LATAM MALETAS INAFICIENTE AEROLINEA";"5"
" INFORMA RECOMENDACIONES AIRLINES LATAM MEDIDAS RAIZ";"5"
" ANIMO CRISTIAN CONSIGAS DUDO";"5"
" BUEN DATO VOLAR";"5"
" SOLA PERMITE PASAJEROS WEB TARJETA DESCARGAR";"5"
" INEFICIENCIA GESTION SOLUCIONAR QUE ERRORES MALA PROPIOS";"4"
" CONEXIONES SUPERVISORA REGRESO AYUDAR AEROPUERTO INSULTO ESTAMOS ESTADIA";"4"
" MALETA LLEGAR PERDIERON PEOR MXCO";"3"
" ES UNA CLASICO LOCURA RT ESPERAR ABURRIERON";"4"
" VINO IDO UUUU BOTELLAS CON PERFECTAS BIEN POBRE";"5"
" LOW MY EVEN THIS THIS LIFE FAR ISSUE AIRLINES BY RT NOT EXPERIENCE HAVE CUSTOMER THE WORSE EVER COST";"2"
" CANNOT TICKET HELP CAN PHONE BUY MULTIPLE WEBSITE YOUR TIMES SERVICE CUSTOMER YOU THE TRIED FROM";"5"
" CARO EXTRAS FUNCIONA QUERIAN COST ASI COBRANDO RT NO LOW";"2"
" GENTE TOMALO DEJALO ESPERATE EMPLEADOS CABRONES RT GUSTA SUS WEBEAR VAN";"4"
" VUELTA COMIDA COBRARON GRATIS";"2"
" CARO EXTRAS FUNCIONA QUERIAN COST ASI COBRANDO NO LOW";"2"
" SERVICIO PESIMO";"4"
" SERVICIO QUE LATAM MIERDA";"5"
" ESPERE SENTADO BIEN";"5"
" SERVICIO POBRE PASADO UN";"4"
" TRATA MISMO PASAJERO FAMOSO AQUI DA TRATADO";"3"
" PLASTICO BUEN LATAM MIERDA HUASOS RT INEFICIENTE SERVICIO GUITARRAS FALTO";"5"
" PEDAZOS TENGA LADRIS NO SERVICIO DEJARON";"4"
" MONT HOY CASI PAGUE SANTIAGO-PUERTO QUIERE VIAJE AGUA BODEGA RT EQUIPAJE PIE VIAJO";"3"
" BRINDAR SERVICIO CALIDAD";"4"
" GENTE TOMALO DEJALO ESPERATE EMPLEADOS CABRONES GUSTA SUS WEBEAR VAN";"4"
" CHILE ARGENTINOS LATAM RT ESTOS PELOTUDOS DICHO PASAJES";"5"
" LATAM ABSOLUTAMENTE RT INEFICIENTE";"5"
" SERVICIO DEFINITIVAMENTE CLIENTE AEROLINEA PEOR";"4"
" SERVICIO DESASTRE AEROPARQUE";"4"
" PESIMO TENIA CHILENOS CUMPLIDO CREIA HAN SERVICIO MUXOS ANHELO";"4"
" ÑIA LATAM PESIMA";"5"
" COLO MALO TRANSPORTE RT SERVICIO";"4"
" EMPRESA RT DESASTRE";"5"
" MALO SERVICIO RECLAMOS VEZ EMPEORA MEJOR RT INUTILES DIA LATAM RESPUESTAS";"5"
" EL RT SERVICIO PESIMO";"4"
" INCREIBLE CONSUMIDOR DEFIENDA INSTITUCION RT HAYA";"5"
" PESIMO BUSINESS RT SERVICIO CLASS SEGUIMOS";"4"
" NY ASIENTOS HIJO PESIMO SEPARADO RT AYER SERVICIO VIAJO TENIAN";"4"
" PESIMO RT SISTEMA ENTREGA EQUIPAJE";"3"
" CENTER ATENCION CALL PEDIR MOMENTO PEOR EMOCIONAL SERVICIO MASCOTA TENIDO";"4"
" SERVICIO COMIDA DEFICIENTE ADEMAS DAR MIERDA";"4"
" SERVICIO LATAM MEJOR EL COMODIDAD IGUAL";"5"
" POSITIVO CLIENTES HICIERON PORQUE OHH NAD NULA RESPONSABILIDAD SERVICIO";"4"
" MONT HOY CASI PAGUE SANTIAGO-PUERTO QUIERE VIAJE AGUA BODEGA EQUIPAJE PIE VIAJO";"3"
" PRECIOS SE ONDA TARAPOTO PESIMO DOLARES AGUA DAN RT QUE SERVICIO";"4"
" COLMO ES MALOS AGUA CADA RT PEOR VA COBRAN DIA SERVICIO";"4"
" MEJORE ESTEN SERVICI QUIZAS PAGADOS OJALA CORRIJA DESMOTIVADOS";"4"
" COLMO ES MALOS AGUA CADA VA COBRAN DIA SERVICIO";"4"
" UDS REALMENTE DESEAR RESPONDAN OJALA SERVICIO";"4"
" SERVICIO CANCELADOS VUELOS REEMBOLSOS ADEMAS";"4"
" CHILE ARGENTINOS LATAM ESTOS PELOTUDOS PASAJES";"5"
" GRAVE INSIGNE NUESTRO ENTERANDOME SERVICIO";"4"
" SERVICIO EXCELENTE ASISTIRTE PARA";"4"
" PLASTICO BUEN LATAM MIERDA HUASOS INEFICIENTE SERVICIO GUITARRAS FALTO";"5"
" EJEMPLAR CUMPLIDA AEROLINEA";"5"
" PAGARLO CUPONES COBRAN VALE COST FLEX LATAM RT LOW SERVICIO VERSO TARIFA UPGRADE";"2"
" PAGARLO CUPONES COBRAN VALE AT COST FLEX LATAM HORRIBLE CLIENTE LOW SERVICIO VERSO TARIFA UPGRADE";"2"
" IMPORTA CONSECUENTE SLOGAN CLIENTE PEOR SERVICIO DIA LATAM PUBLICIDAD";"4"
" NUESTRAS GRAVE INSIGNE GUIT RT NUESTRO ENTERANDOME SERVICIO";"4"
" TICKET DECIR FINAL DIERON MISMO VENTA PUEDO SERVICIO COMPRE SOLUCION";"4"
" GRAVE INSIGNE NUESTRO NUESTRA ENTERANDOME SERVICIO";"4"
" NY ASIENTOS HIJO PESIMO AYER SEPAR SERVICIO VIAJO TENIAN";"4"
" ACPETO ESPERO UNA MISERABLES DOLARES OFRECEN MIERDA NO SERVICIO COMPENSACION";"4"
" PAGINA DESASTROSA RT ADREDE";"5"
" ESTAN DESASTRE RECLAMOS RT OBVIAMENTE COLAOSADOS";"1"
" PAGUES CAMBIAN RT IGUAL NO DESPUES";"2"
" NUNCA SOLOS RT MENOR VIAJAR AÑOS DICE";"5"
" MAMA ARRUINARON LLAMARON PAGAR CUMPLEA RT VIAJARAN TUVO BAJARON SERVICIO LOS ÑOS";"4"
" PAGUES CAMBIAN IGUAL NO DESPUES";"2"
" ESTAN OBVIAMENTE COLAOSADOS DESASTRE RECLAMOS";"1"
" NACIONAL VERGUENZA EMPRESA";"5"
" ADREDE PAGINA DESASTROSA";"5"
" MAMA ARRUINARON LLAMARON PAGAR VIAJARAN TUVO BAJARON SERVICIO LOS CUMP";"4"
" NUNCA SOLOS MENOR VIAJAR AÑOS DICE";"5"
" NI SECNAC COSQUILLAS INMUNES SINVERGUENZAS";"5"
" MISERIA ESTOS DESTROZ DARAN LAVAN MANOS COMPENSACION";"2"
" MALO RT VUELES";"5"
" PEDORRA SE PIERDAS VOLVIERON NO EMPRESA";"5"
" LOS NO EQUIVOCARON LOW TURROS SERVICE ES COST";"2"
" CASO SRES LLEVA RT NOVEDAD";"4"
" CASO SRES LLEVA NOVEDAD";"4"
" ROMPEN CANDY ALCANZA EQUIPAJE VIAJEN COMPENSACION";"3"
" NUNCA DEPENDENCIAS LLEVAN EMPLEADOS FUNCIONAN USTEDES";"4"
" MALO VUELES";"5"
" VIAJA RESPONDEN EQUIPAJE DESTROZOS";"3"
" HUEONES CAZA RT SINVERGUENZAS";"5"
" CAZA SINVERGUENZAS HUEONES";"5"
" PRECIOS ES PESIMO B'RT CAROS MALTRATADAS SERVICIO MALETAS TERMINAN ABUSO";"4"
" LOS PRECIOS PROMO MEGA MISMO";"2"
" VALIJA INFORMAN CUANDO B'RT DIAS PIERDEN";"4"
" IMPORTA ASIENTO SIN";"5"
" IMPORTA RUSIA INCLUIDA DOLARES AGUA IMAGINO EMPEZARA AHORA B'BUENO SACAR PASAJES";"5"
" EXCEPCION REPROGRAMAN PENALIDAD ACABAN 9, CUBA NO DIFERENCIA ABONANDO TARIFA SALIR";"2"
" MINIMO INCONVENIENTE UNA ATENCION SNACK NO SORPRENDE ME SIRVAN";"4"
" UNA DISCULPA MAIL VIAJE REALMENTE MES LLAMADO OFRECIENDO HACE PENA CASI SOLUCION";"5"
" AUTOCRATICA FRECUENTE RESPUESTA RECIBIR APENA PASAJERA INJUSTO SOLUCION";"5"
" DICIENDO IGNORANDO VUELTAS VAN MIL MENTIRAS VIAJE AVISENMELO IGNORARON USTEDES SI";"5"
" AHORA POR SOLUCIONES RESPONDEN DAN";"5"
" DE HORAS RESOL ESTUVE ATENTO RESPETO SUGERIMOS AYER FALTA DOCE TE";"4"
" MANERA CONVERSACION CREO ES HILO RESPONDEN IMPOSIBLE SOLUCIONAR DISTINTAS";"1"
" QUIENN LAS LA MOLESTIAS RESPETO OCASIONADAS FALTA INDEMNIZA";"4"
" PERDI TRATAMIENTO LARGO DEMORO ESAS PARA PEOR CONFLICTO HORAS RESOLVIERON";"4"
" UNA COMUNICACION EVIDENTEMENTE INTERNA LASTIMA CORRESPONDE DERECHOS DENUNCIA";"5"
" SI AYUDAN RESPONDEN SIEMPRE MISMO";"5"
" GENTE AYUDA ATIENDAN ASCO CAMBIAR TELEFONO TIPO";"1"
" AFECTADOS PASAJEROS B'RT DEMORADOS COMUNICADO ASAMBLEAS CANCELADOS";"2"
" ASESORANDO INCONVENIENTE RESPONDIERON NECESITO RESOLVERME ESTABAN ME TERMINEN";"5"
" PEDIMOS CHICOS PLATO PESITOS CONFORMAMOS PERO CAPITAN DIEZ GOURMET ESPACIO";"5"
" MENTIROSA CHORRAAAAAAAA LA AEROLINEA UNIVERSO";"5"
" DURANTE HORAS PE9SIMO VIAJE DAN CARAMELO B'EL SERVICIO COMBUSTIBLE ESPERA ABASTECIMIENTO XL1368";"4"
" BORDO PROVISIONES CUENTAN SERVICIO COMIDA";"4"
" PASAJE PLATA KM COMPRAR TAMBIEN HACES ESFUERZO BARATO CON COMO ROBAN FUERA";"5"
" CASO SE COMPLEJIDAD RESPONDE CERT NO TODO HASTA SOLICITARON PRESENTO";"4"
" CONSERVAR PRIVACIDAD ENVIEN DM DATOS";"5"
" PEDIMOS DEBIDO INFORMACION FAVOR CONTIENE PERSONAL ELIMINES TE HOLA";"5"
" MALETA INFORMAR YA RECUPERAR VAN HIZO MISMO AYER COMUNICAR RECLAMO SUCEDE";"3"
" MALETA MAMA UIO MI LLEGA AYER LLEGO HOLA";"3"
" CARGO ROBAR B'COMO INMORALES VERGUENZA USTEDES COMO CONCIENCIA DICE";"3"
" MALETA INTERIOR CASO ENVIADO LAMEMTABLE LLEGO AGENTES SERVICIO CASA DETALLE FALTAN";"4"
" REVISARE CONTEN EQUIPAJE MES APAREZCA PERDIDO B'A LLEGA AHORA CASA ESPERA";"3"
" TICKET HORAS B'RT CONTACTARLOS SIDO CAMBIO TRATANDO POSIBLE";"4"
" CHILE MANTIENEN AVIONES EXTRANJEROS CUANDO IMAGINEN SOLUCIONAN";"5"
" CHILE ESPERANDO CHECKING REGRESO APARECE RESPUESTA CODIGO RESERVA";"5"
" CASO ABIERTO SRES B'RT LLEVA 5,5 MESES NOVEDAD";"4"
" B'SRES CASO ABIERTO LLEVA 5,5 MESES NOVEDAD";"4"
" PENSAR QUIERO SEGURIDAD GENTE POR CUESTA DIOS AEREA NO INEPTA";"5"
" DESASTRE GASTE B'RT SERVICIO TAL";"4"
" DESASTRE GASTE SERVICIO TAL";"4"
" SEGURIDAD PELEA HICIERON DICEN ETERNA SOLUCION";"5"
" ESPERO RESPUESTA HACE USTEDES MIL HIJOS DELINCUENTES PUTAS DE AÑOS QUE";"2"
" PONEN IMPORTAN CLIENTES B'LO DECADAS EMPRESA PLAZO";"5"
" DEFINA SON ESPERANDO PAGARME YA SIII B'RT JUEZ";"2"
" DEFINA SON ESPERANDO PAGARME YA SIII JUEZ LADRONES";"2"
" LUCHA RESIGNES DE NUEVO COMPRAR LADRONZUELOS B'NO ANDA MANERAS TODAS VIENDO";"3"
" QUIERO NI SON MENCIONARLO B'DIOS NO TENGAN JORGE BASURA VERDADERO";"5"
" PUEDAS CUANDO HAGAS VIAJAR LADRONES";"2"
" NIVEL CASO ACA B'POBRE OSTENTA TRISTE SEÑOR DELINCUENCIA SERGIUM";"4"
" DAMOS CHUPAN BOLA HUEVO DM SUS B'ESTIMADO PRIVADO SERGIUM MANDENOS";"5"
" HUEONES B'RT CAZA SINVERGUENZAS";"5"
" SEGURIDAD ESTOS DELINCUENTES PERFECCION EMPRESA AEREA CONFIABLES B'JORGE ILUSTRA";"2"
" MISERIA ESTOS DESTROZ DARAN LAVAN MANOS COMPENSACION";"2"
" MALO B'RT VUELES";"5"
" MALO VUELES";"5"
" VIAJEN PERDERAN";"5"
" VIAJA RESPONDEN EQUIPAJE DESTROZOS";"3"
" CAZA SINVERGUENZAS HUEONES";"5"
" ESTAN COLOMBIA SOLUCIONA";"1"
" TENGAS VIAJAMOS MIERDA POBRES LEO SUERTE JET";"5"
" TAMPOCO MIERDA";"5"
" PERDIERON SUERTE EQUIPAJE BAJON ROBARON LUCHANDO PAGUEN";"3"
" TUVE CANCELAR DESASTRE PASAJE UN B'RT MEDICAS DINERO MESES RAZONES DEVUELVEN";"4"
" NO HOY ESPECIAL EN COST VERGONZOSOS EL CIAS COMPETENCIA SERVICIO LAS LOW QUIEREN DEPRIMENTE LATAM PORQUE ES";"5"
" AIRES BUENOS INMOBILIARIO LATAM CORPORATIVOS PLACER REAL SERVICIO EL CONCEPTO BROKERS";"5"
" CUELGAN LLAMADAS CALLCENTER B'RT ATIENDEN DESMEJORADO PARECE SERVICIO CONTEO";"4"
" NISIQUIERA DEVOLUCION ENTREGA CANTIDAD B'RT VISTO DEADAS EXCESIVO SERVICIO EL";"4"
" SERVICIO LLAMADAS FRECUENTE OPERADORES NOTADO HE COLGAR";"4"
" ESPERE PARE OFRECEN LLAMADO DM RESPUESTA SERVICIO SU TWITTER";"4"
" CUELGAN LLAMADAS CALLCENTER CONTROL ATIENDEN DESMEJORADO PARECE SERVICIO";"4"
" HOY PESIMO DISCRIMINAN B'RT LATAM ATRASAN EXTRA POSTVENTA SERVICIO LAN ÑO";"5"
" NO ESPALDA PESIMO CON EL HAY B'RT ACCIONAR ESTAN SERVICIO LAS ESTATICAS LLEGAS PUEDEN LA LATAM DE SILLAS ES QUE";"5"
" SOBREVENTA PESIMO B'RT CLIENTE SUELEN SERVICIO LATAM EL PASAJES";"4"
" CHILE B'RT SERVICIO VIAJAR NYC NO ESTOY SOBREVENDIDO JUNTOS PÉSIMO TRANSITO POSIBLE";"4"
" SIQUIERA DEVOLUCION CANTIDAD VISTO DECADAS EXCESIVO SERVICIO EL NINGUUN";"4"
" HOY CLIENTES PESIMO LATAM DISCRIMINATORIOS ATRASAN EXTRA POSTVENTA SERVICIO LAN ÑO";"5"
" CHILE ERROR ENMIENDAN SERVICIO VIAJAR NYC NO ESTOY SOBREVENDIDO JUNTOS PÉSIMO TRANSITO COMO POSIBLE";"4"
" ATENCION ESCLAVOS ANTOJOS B'HASTA VERGUENZA SERVICIO";"4"
" TICKET HORAS UN INTERESA LAMENTABLE NO VENDEN SERVICIO LLAMAN FACTURAR";"4"
" SERVICIO SECTOR B'EL CAMBIANDO COMPORTAMIENTO CLIENTE SALUD ATENCION";"4"
" PAGAR PODES RECOMENDE OCUPAR HACE AUNQUE EXTRA EMERGENCIA SALIDA VACIA AÑOS B'EN";"2"
" ABORDO ASEMEJA EXCELENTE DESEAR REALMENTE EQUIPAJE SERVICIO";"4"
" VALE PERDER SIRVE LEALTAD DM TELEFONO CLIENTE LLAMAN AÑOS B'CUANDO";"1"
" SERVICIO EL CADA PEOR DIA";"4"
" SERVICIO EL CADA PEOR DIA";"4"
" PERMITE OFRECERTE B'NUESTRO SERVICIO CALIDAD ALTA DOMINIO";"4"
" SIQUIERA MAIL HABLAN RESPONDEN BROMA SERVICIO";"4"
" LLEVO ACUMULEN CASO PIDIENDO KILOMETROS VIAJE ONEWORLD PEOR SERVICIO MESES CXADA COMPARE HECHO";"4"
" LUJO LOW VEZ B'CADA COBRANDO PEOR SERVICIO FUERAN ENTREGAN COST";"2"
" GRACIAS BICI LLEGO SERVICIO TRIPULACION NENE";"4"
" MALO CASO BUENO SERVICIO LATAM";"4"
" ESPERANDO ERROR HABILES REPROCESO DECADAS LLEVO SERVICIO REGISTRAR EL HECHO";"4"
" DICIENDO ESTAN PG LATAM APARECE EXISTE TIPO SERVICIO";"5"
" JUEVES RESPONDIERON B'RT HORRIBLE PASADO CLIENTE SERVICIO";"4"
" COBRARON ILEGAL RT ALTAMENTE TARJETA VUELTA COMIDA EFECTIVO GRATIS";"2"
" FINAL CONFORMAR AL RESPONDIERON B'RT DAN BURDO DEBES BIEN ESO VERGUENZA";"5"
" SERVICIO JUEVES B'HORRIBLE RESPONDIERON PASADO CLIENTE";"4"
" LLAMARON HICE PESIMO EQUIPAJE ROMPIERON JAMAS VUELTA SERVICIO RECLAMO";"4"
" SERVICIO IGUAL B'RT";"4"
" PERDON LAN SUERTE PORQUERIA SERVICIO";"4"
" LOW VOLVERSE MIERDA PRETENDER LUEGO ALGUIEN B'A SERVICIO LATAM COST";"5"
" MEDIOCRE SEA RECIBO CELULARES MES ROBADOS RESPUESTA SERVICIO INCREIBLE AEROLINEA";"4"
" POBRE DESASTRE INFORMACION UN B'RT PASADO FALTA SERVICIO CANCELADOS";"4"
" SERVICIO IGUAL";"4"
" FINAL CONFORMAR AL RESPONDIERON DAN VERE BURDO DEBES BIEN ESO";"5"
" CARO EXTRAS FUNCIONA QUERIAN BAJANDO COST ASI B'RT COBRANDO NO LOW CALIDAD";"2"
" GENTE TOMALO DEJALO B'RT ESPERATE EMPLEADOS CABRONES GUSTA SUS WEBEAR VAN";"4"
" B'LATAM AGUA AIRLINES MERCADO AEREA MODALIDAD LINEA COBRA OBSEQUIA";"2"
" NO MENTIROSOS LLEGAR B'RT EQUIPAJE DIJERON ENTREGABAN PM ME";"3"
" NO MENTIROSOS EQUIPAJE LL DIJERON ENTREGABAN PM ME";"3"
" AVION NECESARIO FUERZA SNACK NOS JEFE RT RETIENE TRIPULACION DECIDE EL DARNOS";"5"
" NO MIENTEN VALIJA EN B'RT DOLARES COMPRAR COBRA CAMBIO LATAM SABEN PIERDEN DECADA";"5"
" NO MIENTEN VALIJA EN PROBLEMAS DEADA DOLARES COMPRAR COBRA CAMBIO LATAM SABEN PIERDEN COMPRAS";"5"
" QUE RATAS";"5"
" PERDER SOLUCIONES CAUSA NO OBLIGAN PASAJES ENTREGAN ENTIENDE";"3"
" HS PENALIDAD B'RT VIAJE EQUIPAJE HACE AEROP USD ESPERO DEBEN DEVOLVERME VANO";"3"
" HS PENALIDAD VIAJE EQUIPAJE HACE USD ESPERO DEBEN DEVOLVERME VANO";"3"
" DE NADIE MANUAL ASCO CONTINGENTE NO SERVICIO EMERGENCIA PREPARADO";"4"
" CASO SALUDOS RESPECTO BRINDARTE TRABAJANDO RESPUESTA PRONTA ESTAMOS HOLA";"4"
" CANCELA MALTRATAN B'RT CLIENTE VALIJA VUELVO PIERDEN";"4"
" PUDO AGUA GYE-UIO VASO B'VUELO SACO ATERRIZAR REGRESA SERVICIO ORIGEN";"4"
" CONFIAR MALETAS COMO NUEVO ENTREGAN";"5"
" NO EN B'RT DOLARES COMPENSAN ERRORES COMPRAR COBRA CAMBIO LATAM DECADA";"5"
" NO EN PROBLEMA DOLARES COMPENSAN UN ERRORES COMPRAR COBRA CAMBIO LATAM DECADA COMPRAS";"5"
" ORLANDO CENTER ATENCION CALL DURANTE SITUACION PERSONAL CHAPEAU B'PLACER SEÑORES ENORME";"1"
" NO CANCELA MALTRATAN CON CLIENTE VIAJEN VALIJA VUELVO LATAM PIERDEN";"5"
" VALIJA NUNCA VUELOS COMPREN B'RT LATAM PERDE AEROPUERTO EN TE PIERDEN ENCUENTRAN";"5"
" VALIJA NUNCA PLATA VUELOS COMPREN LATAM PERDES AEROPUERTO EN TE PIERDEN ENCUENTRAN";"5"
" DEBE B'RT LATAM EQUIPAJE TRASLADO SABIENDO AEROPUERTO INNECESARIO USD DEVOLVERME";"5"
" CANCELA MALTRATAN B'RT CLIENTE VALIJA VUELVO PIERDEN";"4"
" DEBE LATAM EQUIPAJE TRASLADO SABIENDO AEROPUERTO INNECESARIO USD DEVOLVERME";"5"
" CANCELA MALTRATAN CLIENTE VALIJA VUELVO PIERDEN";"4"
" CAMBIAN SELECCIONE ASIENTO CHEQUEO";"5"
" MALETA RECIBI REVISEN MIA LLEGO CONTENIDO";"3"
" LOS ESTUPIDOS PIDEN DATOS RESPONDER WIFI";"5"
" QUEDO LUGAR DESTROZARON RECLAMOS VUELO MVD SCL ASI DICEN GUITARRA MIA-SCL";"3"
" COLA COUNTER MEDIA";"5"
" HORAS OBTENER ES CENTER CALL LAN ESTUVE ALLI AHI IMPOSIBLE UTIL PERO CORRIGIO SISTEMA TRATANDO";"1"
" PAGINA SIEMPRE PESIMA CENTER ATENCION TENIA AYUDO CALL LATAM COMO PASAJES HOLA";"5"
" DEPOSITAR DOLARES CONTACTARME LLAMEN LATAM EN DIAS SIN";"5"
" IGUALES TENGO RESPUESTAS VERGONZOSO ES";"5"
" CONEXIONES PEOR PERDER REGRESO LO MARTES MALETAS HACIENDO CASA PIERDEN";"3"
" PEOR MIA-ATL MALETA LMA-CANCUN CANCUN-MIA PERDIERON HORRIBLE REGRESO CONEX AEROLINEA CASA ESTADIA";"3"
" CONEXIONES SUPERVISORA REGRESO AYUDAR AEROPUERTO INSULTO ESTAMOS ESTADIA";"4"
" PEOR INEPTITUD SINACEPTABLE LA REGRESO CLIENTE ELMARTES SERVICIO CASA ALCLIENTE";"4"
" CONECCION MIA-ATL MALETA MIA LLEGAR PERDIERON PERDI PEOR MXCO RECOMPENZA MEXICO";"3"
" SIGO HUMANITARIA INSISTIENDO AYUDA VAN URGENTE DIAS RESPUESTA SOLICITE LLAMANDO AEROLINEA";"4"
" MARKETING BUENA ACCION PARECE UNA MUCHOS CAGADA DE VERAS NOS LES";"5"
" TEMPERATURAS AVIONES INCOMODO SIEMPRE HELADAS ES";"5"
" DIA SERVICIO AMIGOS PARECEN PEOR";"4"
" HAGA EQUIPAJE MIERDA HUASOS EMPATIA SUFRIDO";"3"
" RATO LATAM";"5"
" SON INTERNACIONAL AEROPUERTO MEJOR COUNTERS RECLAMACION HOJA";"5"
" RECOMENDACION HORAS AVISAN LAVAN VIAJEN MANOS TARDE CAMBIAN";"4"
" PEOR SERVICIO RETRASO NOSOTROS JAMAS PAGAMOS PERDIMOS TE TENIDO PRESENTO RESOLVIERON";"4"
" AEROPUERTO DUE ME ÑO TALARA";"5"
" INFORME MINUTOS CHISTE MISMO RESPUESTA INDICAR DIAS COMPRA SOLUCION";"4"
" DESPUES RECIEN DIGA LLAME PROXIMA SEMANA ATENDER UNA ALGUIEN SEMANA RECLAMO";"1"
" ANTECEDENTES CREDIBILIDAD INTERNA FORMA CERO LUEGO VIA EMAIL FORMALIZAR RECLAMO";"5"
" SE PASARON ESTAFADORES QDARON PERU EMPRESA DEVOLVIERON EN PASAJES";"5"
" CASO PLATA ESTAFADORES QDEN PRONTO PERMITIR ABRIRE PASAJES";"4"
" SOMOS PENDEJO DESGRACIA SON TRATAN";"5"
" NO PUBLICAMENTE CENTER LATAM MAS PROMETO PASAR PEOR VOLAR CONTACT";"5"
" ARREPIENTO NO EN CENTER FORTUNAS GASTO VEZ NECESITO VIAJAR MAS LATAM CONTACT";"5"
" HS PERDI RESUELTO TOMABA CREIA TELEFONO VYEDFT TARJ CODIGO CAMBIO CASI RESERVA";"3"
" MANDE HORAS INFORMACION RESPONDEN DM SEÑORES QUE USTEDES";"4"
" CUSCO HORAS SON LIMA ENVIE SRS QUE ABUSO";"4"
" HORAS NOCHE EMPEZO INDECOPI AEROPUERTO CON ANDA HABER ALIMENTACION SI DEBEN ESPERA OFICINA DADO";"4"
" NO SOLUCION CENTER COMUNICARME CALL IDEA LA RESPUESTA DAR USTEDES INTERNAMENTE";"1"
" POR PELUCON VIAJAMOS BUS NOSOTROS DAN MASHI FLOTA SANDUCHE EN HAGA AEROLINEA OCURRE";"5"
" NO MALETA ROMPEN DE COMPENSA INUTILIZADA DAÑO PEOR DEJAN INDICAN RECLAMO";"3"
" SOCIOS CLIENTES MURIO UNA PERDIO TENIA LAN RESPETO VERGUENZA SERVICIO LATAM CALIDAD";"4"
" PONEN GUAYAQUIL PASANDO VUELO SALE QUITO SERVICIO CANCELADO";"2"
" YA NADIE GENERAL CRISIS DEMORA REGULA";"2"
" ENVIAR CALLCENTER PAGUE CORREOS LLAMAR ABURRIDO COMPENSACION";"2"
" COMPENSACIONES MALA TAMPOCO ATENCION CALLCENTER CORREOS CHATO RESPUESTA PAGO ESPERO";"4"
" DEBE EMITE POR PERJUDICA VOUCHER TRAVEL AYUDA ASI JUEGA ME";"5"
" JULIO CARGO CASO ABIERTO TRIPLE SOLUCION";"4"
" TICKET CUMPLEN MENTIRAS PROMETIERON SUMA MENTIRAS DLRES IGUAL";"5"
" NI CENTER NECESITO SUCURSAL DAN AYUDAN VERSIONES CALL DISTINTAS SOLUCION URGENTE";"1"
" SERNAC ENTREGA NUEVO UNA BUEN VEZ LATAM SIMPLE FACTURA NO DAR SERVICIO COMPRA";"5"
" CUANTOS YA DIAS PERDI SEGUIMOS ESPERANDO";"4"
" QUEJAS PERDER SIEMPRE RECLAMOS SACARA TIENES CLUB BIENVENIDA EXCUSAS PONES";"3"
" RIO-SCL PARDOS AVION MINUTOS ÜENZA ABUSOS JJ8074 UNO VERG";"4"
" LATAM DOLARES CORREOS ESTAFA RECONOCIMIENTO PROMESA TENGO TARIFA";"5"
" EMPEZARAMOS PIDEN CEROS INFO MAS MES HARTAZGO INCREIBLE RESPUESTA ME CONTACTE APUESTAN LE";"5"
" UD DECEPCIONADO QUIEREN UYU-TLV ÑIA HICE VALIDAR ESTOY MILLAS IBERIA";"5"
" COBRAN PRECIO EQUIPAJE ÒN SILLA EXHORBITANTE TIQUETES DEJAN CAMBIO COMIDA SOBRE-VENTA AVI";"2"
" QUEJA LLEVO PRESENTANDO CDMX ESCUCHANDO DIAS NOTIFICO RESPUESTA FISICA PROFECO";"4"
" SUPONGO CASO LES CARGARON IDEA MIL DIAS BOLETO TRIPLE PASAR ME";"4"
" REEMBOLSO HAN EFECTUADO TARJETAS AYUDA REALIZO CORRESPONDIENTE TRIPLE CARGOS JULIO";"2"
" DEBE NEGOCIO DECIR NUEVO AHORA COMPRAR TIQUETE CAMBIAR CAMBIOS";"5"
" VOZ PROCEDIMIENTOS DIOS VIEJAS SEXY CONOCEN NO SERVICIO BRUTAS PAISA BENDITO";"4"
" NOCHE EMBARCADO PASAMOS YA VEZ JUEGOS DIJERON PASAJERO DESPEGABAMOS MIAMI";"5"
" RETRASADOS AVIONES PASA";"5"
" ESTAN COLOMBIA SOLUCIONA";"1"
" TENGAS VIAJAMOS MIERDA POBRES LEO SUERTE JET";"5"
" POLITICO SUFRIR QUE VIAJE COMITE PUEDEN";"5"
" TAMPOCO MIERDA RT";"5"
" TAMPOCO MIERDA";"5"
" PERDIERON SUERTE EQUIPAJE BAJON ROBARON LUCHANDO PAGUEN";"3"
" DISTENDIDO TAMBIEN RT CARTERISTAS QUE LINDO SORPRENDE GRANIZO LATAM SIEMPRE AHORA";"5"
" SEGURIDAD AVION VOLA YA MUCHACHO NOSOTROS GRANIZAMOS";"5"
" SEGURIDAD PUEDAN PASA EMPRESA CUIDADO ESTUPIDOS EL";"5"
" DISTENDIDO TAMBIEN CARTERISTAS QUE LINDO SORPRENDE GRANIZO LATAM SIEMPRE AHORA";"5"
" PROTOCOLOS RT REVISAR URGENTE CANCELACION";"2"
" TUVE CANCELAR DESASTRE PASAJE UN MEDICAS RT DINERO MESES RAZONES DEVUELVEN";"4"
" PUERTA LAMENTABLE PAIS IMAGEN NUESTRO";"5"
" SERVICIO IGUAL";"4"
" PTO MONTT TACO SEGUIMOS";"5"
" MESES CASO ANTONIO RESPONDERME DEMORARON";"4"
" PARO PLENO SEGUIMOS ATENCION TACO AQUI TAXISTAS";"4"
" DEBERIAN OCURRAN NO ESTOS";"5"
" MALO GENTE CENTER RESPONDE CALL CORREOS PEOR TODAVIA GESTION HORRIBLE";"1"
" ARROJARON AVION";"5"
" RT SOBREPESO LA PARTE";"5"
" REINGRESAR SIEMPRE ERROR MISMOS FRUSTRANTE NACIONALIDAD MI RT DATOS ADEMAS";"5"
" LATAMPASS RT AHORA INGRESO";"5"
" SOBREPESO LA PARTE";"5"
" QUEDABA IQUIQUE VIAJE FILA MERCADO RT ALMUERZO SANDWICH SANTIAGO MENU";"5"
" NUNCA VIAJARE INCREIBLE CIELOS EMPRESA PELOTUDEZ RT PERMITA";"5"
" NUNCA VIAJARE INCREIBLE EMPRESA PELOTUDEZ PERMI";"5"
" CONCHA HERMANA LA";"5"
" NUNCA LATAM VIAJO";"5"
" PUTA SUBO EN NUNCA ME ÓN MÁS MI RIDICULOS UN AVI LATAM DE VIDA";"5"
" VOLVER COSTO PESIMO RT SERVICIO ESPERO VOLVIERON UTILIZAR AEROLINEA";"4"
" HAN SUCEDIDO VIAJEROS DECIRTE MES DEJAME RT PASADO";"5"
" HAN SUCEDIDO VIAJEROS DECIRTE MES DEJAME PASADO";"5"
" VOLVER COSTO PESIMO SERVICIO ESPERO VOLVIERON UTILIZAR AEROLINEA";"4"
" LOBO HOY MOVIMIENTO DIRECTOR FABIANO LATAM CONSUMIDOR CAMBIAR MOBILE MMA DICE INEVITABLE";"5"
" QUE PAYASADA";"5"
" DIARIOS FUNCIONO INTENTOS LA ACTUALIZADA MEJOR LLEVO SEMANA VERSION PQ";"5"
" NUNCA DESASTRE VIAJANDO QUE SERVICIO DIA";"4"
" PERDI HOSPEDAJES REPROGRAMARON DIAS DINERO PRESENTISMO OTROS ME";"4"
" DEVOLVIERON CANCELARON ME PESO";"5"
" TOQUE LU MIERDA EMPRESA VIAJAR OJALA TAN";"5"
" BUSCA PESIMO BARATA RESPECTO PASA RESPONDEN CON SIEMPRE VECES";"5"
" ESPERE AUTORIZACION FINALMENTE EMBARCAR DEJE MESES YO MASCOTA SEIS";"4"
" LANPASS CENTER CALL LUEGO CUELGA UPG INGRESAR ESTOY CODIGO INTENTANDO LLAMO POSTULAR";"1"
" PONERSE MINUTOS MERCADO LEEE DISCLAIMER ACABAN OFERTAS NO LENTES BIEN";"4"
" ES CENTER CALL CONTACTARLOS INBOX FAVOR EMERGENCIA CONTESTAR TRATANDO";"1"
" CALL LLAMADA LLAMANDO CUELGAN CENTER";"1"
" NUESTROS QDAN ATERRICE CORRUPTOS JUSTO NUESTRO AEROPUERTO DINERO PASAJES TALARA LE";"5"
" RATEROS MIS UDS PASAJES AEROLINEA";"2"
" RATEROS ZIKA SO BESTIAS NECESITO DENUNCIA AHORA PASAJES PEDAZO";"2"
" RT DESCARADAMENTE ROBAN NOS";"5"
" SUPUESTAMENTE PRECIOS QUITARON IGUAL";"5"
" AEREA CAMBIAR LINEA PROXIMA";"5"
" SERIA PERDIDA";"2"
" IDA CUANDO TARAPOTO SUBIDO DOLARES HA VUELTA VIAJABA";"5"
" SERVICIO CIERTO MUY ESTAS PESIMO";"4"
" DESCARADAMENTE ROBAN NOS";"5"
" QDARON TAMBIEN DCIA MISMO DEVOLVIERON VUELTA PASAJES";"5"
" CELEBRAMOS DEVOLUCION MAÑANA IRRESPONSABLES NADIE MESES FUERTE ODIO";"4"
" NUESTROS QUEREMOS VOLVER DEJES HOGARES MORIR DALE PUERTO VARADOS RT IGUAZU NO CODIGO";"5"
" VOLVER HOY GRACIAS CANCELADO SIEMPRE RESTO NECESITO CAGANDO RT BSAS";"2"
" CASO NUMERO YESO PERJUDICARON EL VIEJOS DEMORARON";"4"
" PORQUE AIUUUUDA PUERTO VARADOS RT IGUAZU NUESTRO CANCELARON";"5"
" GUWQKY COBRARON DEVOLUCION SIGO ESPERANDO KM LANPASS RESERVA US";"2"
" MENTIROSO QUIEN MANEJA ADEMAS SALAME";"5"
